ITEM,FECHA CORTE,DEPARTAMENTO,PROVINCIA,DISTRITO,GOBIERNO LOCAL,NOMBRE DE ORGANIZACIÓN,CASERIO,BENEFICIARIOS DE 0-6 AÑOS,BENEFICIARIOS GESTANTES,BENEFICIARIOS LACTANTES,BENEFICIARIOS DISCAPACITADOS,BENEFICIARIOS ANCIANOS,TOTAL DE BENEFICIARIOS,SUMA_GRUPOS,VALIDO
1,31/12/2024,ANCASH,YUNGAY,RANRAHIRCA,MUNICIPALIDAD DISTRITAL DE RANRAHIRCA,ARCO IRIS - ARHUAY,ARHUAY,22,1,3,0,0,26,26,True
2,31/12/2024,ANCASH,YUNGAY,RANRAHIRCA,MUNICIPALIDAD DISTRITAL DE RANRAHIRCA,BELLA VISTA,BALLEVISTA,20,1,2,0,0,23,23,True
3,31/12/2024,ANCASH,YUNGAY,RANRAHIRCA,MUNICIPALIDAD DISTRITAL DE RANRAHIRCA,LA FLORIDA,LA FLORIDA,10,1,2,0,0,13,13,True
4,31/12/2024,ANCASH,YUNGAY,RANRAHIRCA,MUNICIPALIDAD DISTRITAL DE RANRAHIRCA,MICAELA BASTIDAS - COCHAPAMPA,COCHAPAMPA,9,1,1,0,0,11,11,True
5,31/12/2024,ANCASH,YUNGAY,RANRAHIRCA,MUNICIPALIDAD DISTRITAL DE RANRAHIRCA,SANTA LUCIA - CAJAPAMPA,CAJAPAMPA,34,0,2,0,0,36,36,True
6,31/12/2024,ANCASH,YUNGAY,RANRAHIRCA,MUNICIPALIDAD DISTRITAL DE RANRAHIRCA,SANTA ROSA - ENCAYOC,ENCAYOC,15,0,1,0,0,16,16,True
7,31/12/2024,ANCASH,YUNGAY,RANRAHIRCA,MUNICIPALIDAD DISTRITAL DE RANRAHIRCA,SEÑOR DE LOS MILAGROS,RANRAHIRCA,26,0,3,0,0,29,29,True
8,31/12/2024,ANCASH,YUNGAY,RANRAHIRCA,MUNICIPALIDAD DISTRITAL DE RANRAHIRCA,SOL NACIENTE,RANRAHIRCA,41,1,2,0,0,44,44,True
9,31/12/2024,ANCASH,YUNGAY,RANRAHIRCA,MUNICIPALIDAD DISTRITAL DE RANRAHIRCA,VICTOR CACERES - MONTEBELLO,MONTEBELLO,10,1,0,0,0,11,11,True
10,31/12/2024,ANCASH,YUNGAY,RANRAHIRCA,MUNICIPALIDAD DISTRITAL DE RANRAHIRCA,VIRGEN DE LAS MERCEDES - APACHICO,APACHICO,11,0,1,0,0,12,12,True
11,31/12/2024,ANCASH,YUNGAY,RANRAHIRCA,MUNICIPALIDAD DISTRITAL DE RANRAHIRCA,VIRGEN SARAGOZA - UCHUCOTO,UCHUCOTO,18,0,1,0,0,19,19,True
